[
  {"uf":"AC","nome":"Acre","cidades":["Rio Branco","Cruzeiro do Sul","Sena Madureira","Tarauacá","Feijó","Brasiléia","Xapuri","Plácido de Castro","Epitaciolândia","Mâncio Lima","Rodrigues Alves","Acrelândia"]},
  {"uf":"AL","nome":"Alagoas","cidades":["Maceió","Arapiraca","Palmeira dos Índios","Rio Largo","Penedo","São Miguel dos Campos","União dos Palmares","Delmiro Gouveia","Piranhas","Marechal Deodoro","Santana do Ipanema","Coruripe","Atalaia","Pilar"]},
  {"uf":"AP","nome":"Amapá","cidades":["Macapá","Santana","Laranjal do Jari","Oiapoque","Pedra Branca do Amapari","Porto Grande","Mazagão","Amapá","Tartarugalzinho","Calçoene","Ferreira Gomes","Itaubal"]},
  {"uf":"AM","nome":"Amazonas","cidades":["Manaus","Parintins","Itacoatiara","Manacapuru","Coari","Tefé","Tabatinga","Maués","Humaitá","Iranduba","Manicoré","Eirunepé","Benjamin Constant","Lábrea","Careiro","Presidente Figueiredo"]},
  {"uf":"BA","nome":"Bahia","cidades":["Salvador","Feira de Santana","Vitória da Conquista","Camaçari","Juazeiro","Itabuna","Ilhéus","Lauro de Freitas","Barreiras","Teixeira de Freitas","Jequié","Alagoinhas","Eunápolis","Paulo Afonso","Santo Antônio de Jesus","Simões Filho","Porto Seguro","Jacobina"]},
  {"uf":"CE","nome":"Ceará","cidades":["Fortaleza","Caucaia","Juazeiro do Norte","Maracanaú","Sobral","Crato","Itapipoca","Maranguape","Quixadá","Russas","Iguatu","Tianguá","Pacajus","Aracati","Acaraú","Canindé"]},
  {"uf":"DF","nome":"Distrito Federal","cidades":["Brasília","Gama","Taguatinga","Ceilândia","Samambaia","Recanto das Emas","Planaltina","Sobradinho","Guará","Núcleo Bandeirante","Riacho Fundo","Santa Maria"]},
  {"uf":"ES","nome":"Espírito Santo","cidades":["Vitória","Vila Velha","Serra","Cariacica","Guarapari","Linhares","Colatina","Cachoeiro de Itapemirim","Aracruz","São Mateus","Viana","Nova Venécia","Barra de São Francisco","Anchieta"]},
  {"uf":"GO","nome":"Goiás","cidades":["Goiânia","Aparecida de Goiânia","Anápolis","Rio Verde","Águas Lindas de Goiás","Luziânia","Trindade","Formosa","Catalão","Itumbiara","Jataí","Valparaíso de Goiás","Novo Gama","Senador Canedo","Mineiros","Caldas Novas"]},
  {"uf":"MA","nome":"Maranhão","cidades":["São Luís","Imperatriz","Caxias","Timon","Codó","Bacabal","Balsas","Açailândia","Santa Inês","Barra do Corda","Chapadinha","Paço do Lumiar","Pinheiro","Zé Doca","Itapecuru-Mirim","Viana"]},
  {"uf":"MT","nome":"Mato Grosso","cidades":["Cuiabá","Várzea Grande","Rondonópolis","Sinop","Tangará da Serra","Cáceres","Sorriso","Primavera do Leste","Lucas do Rio Verde","Barra do Garças","Alta Floresta","Nova Mutum","Pontes e Lacerda","Guarantã do Norte"]},
  {"uf":"MS","nome":"Mato Grosso do Sul","cidades":["Campo Grande","Dourados","Três Lagoas","Corumbá","Ponta Porã","Naviraí","Nova Andradina","Aquidauana","Paranaíba","Sidrolândia","Maracaju","Coxim","Amambai","Rio Brilhante"]},
  {"uf":"MG","nome":"Minas Gerais","cidades":["Belo Horizonte","Uberlândia","Contagem","Juiz de Fora","Betim","Montes Claros","Uberaba","Governador Valadares","Ipatinga","Sete Lagoas","Divinópolis","Poços de Caldas","Patos de Minas","Ibirité","Teófilo Otoni","Pouso Alegre","Varginha","Araguari"]},
  {"uf":"PA","nome":"Pará","cidades":["Belém","Ananindeua","Santarém","Marabá","Castanhal","Parauapebas","Abaetetuba","Cametá","Bragança","Altamira","Barcarena","Breves","Tucuruí","Capanema","Tailândia","Paragominas"]},
  {"uf":"PB","nome":"Paraíba","cidades":["João Pessoa","Campina Grande","Santa Rita","Patos","Bayeux","Sousa","Cajazeiras","Guarabira","Cabedelo","Queimadas","Mamanguape","Esperança","Pombal","Itabaiana"]},
  {"uf":"PR","nome":"Paraná","cidades":["Curitiba","Londrina","Maringá","Ponta Grossa","Cascavel","São José dos Pinhais","Foz do Iguaçu","Colombo","Guarapuava","Paranaguá","Toledo","Araucária","Apucarana","Pinhais","Campo Largo","Cambé"]},
  {"uf":"PE","nome":"Pernambuco","cidades":["Recife","Jaboatão dos Guararapes","Olinda","Caruaru","Petrolina","Paulista","Cabo de Santo Agostinho","Garanhuns","Igarassu","Vitória de Santo Antão","Gravatá","Abreu e Lima","Santa Cruz do Capibaribe","Arcoverde","Goiana","Serra Talhada"]},
  {"uf":"PI","nome":"Piauí","cidades":["Teresina","Parnaíba","Picos","Floriano","Piripiri","Campo Maior","Barras","União","Altos","São Raimundo Nonato","Oeiras","José de Freitas","Esperantina","Luís Correia"]},
  {"uf":"RJ","nome":"Rio de Janeiro","cidades":["Rio de Janeiro","São Gonçalo","Duque de Caxias","Nova Iguaçu","Niterói","Belford Roxo","Campos dos Goytacazes","Petrópolis","Volta Redonda","Macaé","Magé","Itaboraí","Cabo Frio","Angra dos Reis","Queimados","Resende","Barra Mansa","Teresópolis"]},
  {"uf":"RN","nome":"Rio Grande do Norte","cidades":["Natal","Mossoró","Parnamirim","São Gonçalo do Amarante","Macaíba","Ceará-Mirim","Caicó","Assu","Currais Novos","Santa Cruz","Nova Cruz","Apodi","João Câmara","Pau dos Ferros"]},
  {"uf":"RS","nome":"Rio Grande do Sul","cidades":["Porto Alegre","Caxias do Sul","Pelotas","Canoas","Santa Maria","Gravataí","Novo Hamburgo","Viamão","São Leopoldo","Rio Grande","Passo Fundo","Alvorada","Bento Gonçalves","Uruguaiana","Sapucaia do Sul","Santa Cruz do Sul","Bagé"]},
  {"uf":"RO","nome":"Rondônia","cidades":["Porto Velho","Ji-Paraná","Ariquemes","Vilhena","Cacoal","Rolim de Moura","Jaru","Guajará-Mirim","Pimenta Bueno","Buritis","Ouro Preto do Oeste","Nova Mamoré"]},
  {"uf":"RR","nome":"Roraima","cidades":["Boa Vista","Rorainópolis","Caracaraí","Mucajaí","Alto Alegre","Cantá","Bonfim","Amajari","Iracema","Pacaraima"]},
  {"uf":"SC","nome":"Santa Catarina","cidades":["Florianópolis","Joinville","Blumenau","São José","Chapecó","Itajaí","Criciúma","Jaraguá do Sul","Palhoça","Lages","Brusque","Balneário Camboriú","Tubarão","Caçador","Concórdia","Rio do Sul"]},
  {"uf":"SP","nome":"São Paulo","cidades":["São Paulo","Guarulhos","Campinas","São Bernardo do Campo","Santo André","Osasco","São José dos Campos","Ribeirão Preto","Sorocaba","Mauá","Santos","Diadema","Jundiaí","Carapicuíba","Piracicaba","Bauru","Itaquaquecetuba","São José do Rio Preto","Mogi das Cruzes","Barueri","Taubaté","Franca","Limeira","Indaiatuba"]},
  {"uf":"SE","nome":"Sergipe","cidades":["Aracaju","Nossa Senhora do Socorro","Lagarto","Itabaiana","São Cristóvão","Estância","Tobias Barreto","Itabaianinha","Propriá","Poço Redondo","Capela","Barra dos Coqueiros"]},
  {"uf":"TO","nome":"Tocantins","cidades":["Palmas","Araguaína","Gurupi","Porto Nacional","Paraíso do Tocantins","Colinas do Tocantins","Guaraí","Dianópolis","Tocantinópolis","Miracema do Tocantins","Formoso do Araguaia","Pedro Afonso"]}
]
